id,user_email,user_name,user_gender,divisi_id,user_born,user_phone,user_photo,user_password
CS1338,rmcgeffen0@4shared.com,Renard McGeffen,Laki-Laki,5,9/5/2018,252,https://robohash.org/quosestrerum.bmp?size=50x50&set=set1,OAKuOdr8
CS1339,djaffray1@microsoft.com,Danila Jaffray,Perempuan,9,1/22/2019,157,https://robohash.org/sapienteomnisvoluptatibus.jpg?size=50x50&set=set1,F9F1x4
CS1340,etonkes2@nba.com,Edward Tonkes,Laki-Laki,8,4/16/2019,215,https://robohash.org/nonnullaad.jpg?size=50x50&set=set1,dbdeNj8
CS1341,tplaxton3@shop-pro.jp,Timothee Plaxton,Laki-Laki,7,8/5/2018,249,https://robohash.org/voluptasmagnireiciendis.bmp?size=50x50&set=set1,Q08OtT
CS1342,bisaacs4@cyberchimps.com,Bonni Isaacs,Perempuan,9,5/29/2019,207,https://robohash.org/commodisitullam.bmp?size=50x50&set=set1,YFqQqvaPnTjP
CS1343,ahazley5@cnet.com,Annadiane Hazley,Perempuan,7,7/25/2018,290,https://robohash.org/officiapraesentiumomnis.png?size=50x50&set=set1,VJywDLr
CS1344,lscougal6@webs.com,Loretta Scougal,Perempuan,2,4/16/2019,288,https://robohash.org/repudiandaequisnihil.png?size=50x50&set=set1,6FA9CBrQt
CS1345,mde7@istockphoto.com,Mariejeanne De Atta,Perempuan,9,6/29/2018,185,https://robohash.org/eaquecommodierror.jpg?size=50x50&set=set1,L7CxYq24fD
CS1346,rnickell8@constantcontact.com,Rosemonde Nickell,Perempuan,1,12/13/2018,136,https://robohash.org/etlaboreassumenda.bmp?size=50x50&set=set1,5UtsVPArA7BD
CS1347,eshrieve9@weebly.com,Ellissa Shrieve,Perempuan,7,1/17/2019,289,https://robohash.org/aliquamearumoccaecati.bmp?size=50x50&set=set1,nTT2D7MOD
CS1348,lflaya@tumblr.com,Lydia Flay,Perempuan,10,7/24/2018,204,https://robohash.org/enimlaboriosamest.bmp?size=50x50&set=set1,e48lk7jd9
CS1349,mcradocb@mozilla.com,Mildred Cradoc,Perempuan,3,11/17/2018,216,https://robohash.org/utearummaiores.png?size=50x50&set=set1,8Ukdfbwf5N
CS1350,rmcnamarac@usatoday.com,Rosalinde McNamara,Perempuan,9,7/6/2018,172,https://robohash.org/dignissimosvoluptatemvoluptas.jpg?size=50x50&set=set1,npP0F8
CS1351,hpinared@cbc.ca,Hedy Pinare,Perempuan,11,6/29/2018,216,https://robohash.org/possimusquiaex.bmp?size=50x50&set=set1,iI66tR
CS1352,csandiforde@feedburner.com,Cooper Sandiford,Laki-Laki,7,6/3/2019,186,https://robohash.org/laudantiumrationeomnis.png?size=50x50&set=set1,1Ci8azrX
CS1353,bobernf@state.gov,Becka Obern,Perempuan,5,10/14/2018,147,https://robohash.org/rerumuteos.bmp?size=50x50&set=set1,MVY7gFdC
CS1354,lcreykeg@cnn.com,Laural Creyke,Perempuan,10,7/5/2018,184,https://robohash.org/doloresadquis.jpg?size=50x50&set=set1,NBtF1RYm88
CS1355,fbenmoreh@imgur.com,Francoise Benmore,Perempuan,10,7/3/2018,259,https://robohash.org/perspiciatisrerumtempore.png?size=50x50&set=set1,4Akx853t0wd
CS1356,mcroomi@t.co,Mellicent Croom,Perempuan,4,12/17/2018,232,https://robohash.org/deseruntnisieos.png?size=50x50&set=set1,porsxQi
CS1357,cblaslij@usda.gov,Charley Blasli,Laki-Laki,7,9/9/2018,295,https://robohash.org/ametbeataenon.jpg?size=50x50&set=set1,uQ4ccDZj
CS1358,rantonchikk@dropbox.com,Rene Antonchik,Laki-Laki,6,2/3/2019,208,https://robohash.org/assumendacumquia.bmp?size=50x50&set=set1,3cmqM9Xghw
CS1359,dhalsalll@biblegateway.com,Dagmar Halsall,Perempuan,2,4/2/2019,181,https://robohash.org/voluptatibuseligendifugit.jpg?size=50x50&set=set1,yUFyx3PtJBiK
CS1360,wreadwingm@eepurl.com,Windham Readwing,Laki-Laki,9,10/2/2018,112,https://robohash.org/necessitatibusiustomollitia.bmp?size=50x50&set=set1,0Ee3XH3oA7
CS1361,alyosikn@loc.gov,Alfie Lyosik,Laki-Laki,11,6/22/2018,160,https://robohash.org/temporeaddolores.png?size=50x50&set=set1,bkp1LT1HmJE6
CS1362,pklesso@abc.net.au,Parker Kless,Laki-Laki,4,1/16/2019,176,https://robohash.org/earumipsamiste.bmp?size=50x50&set=set1,D5hpVmuFla
CS1363,toloshkinp@xrea.com,Tatiana Oloshkin,Perempuan,9,9/16/2018,117,https://robohash.org/omnisfugaomnis.jpg?size=50x50&set=set1,PrR9sr77dRGN
CS1364,ebeamentq@theguardian.com,Ellynn Beament,Perempuan,11,8/4/2018,132,https://robohash.org/suscipitvoluptaterepudiandae.jpg?size=50x50&set=set1,HkntYRk
CS1365,cstannasr@nyu.edu,Corie Stannas,Perempuan,1,11/30/2018,194,https://robohash.org/sedsedlaudantium.jpg?size=50x50&set=set1,iFrQRPIkcq
CS1366,zdoegs@live.com,Zak Doeg,Laki-Laki,2,2/8/2019,155,https://robohash.org/laboriosamrepellendustotam.png?size=50x50&set=set1,mExStlXq
CS1367,knewlandt@telegraph.co.uk,Kile Newland,Laki-Laki,1,6/24/2018,261,https://robohash.org/architectoaccusamusvel.png?size=50x50&set=set1,nTZlyQu
CS1368,nocrianeu@wufoo.com,Nicoli O'Criane,Perempuan,7,6/17/2019,223,https://robohash.org/idtemporibuspariatur.bmp?size=50x50&set=set1,rxSz4xiWvu
CS1369,btawsev@multiply.com,Beauregard Tawse,Laki-Laki,9,10/19/2018,121,https://robohash.org/consequatureumea.bmp?size=50x50&set=set1,MfbAwSxDE
CS1370,brumfordw@addthis.com,Bertha Rumford,Perempuan,9,11/21/2018,222,https://robohash.org/nonestdeserunt.jpg?size=50x50&set=set1,rmbWNSPiCM
CS1371,amatyushonokx@twitter.com,Alyce Matyushonok,Perempuan,8,4/10/2019,214,https://robohash.org/suntquiscumque.png?size=50x50&set=set1,2x4vXXrHL
CS1372,slippietty@yahoo.co.jp,Shoshanna Lippiett,Perempuan,7,7/18/2018,250,https://robohash.org/atdebitiseveniet.png?size=50x50&set=set1,RfyoMth6TBE
CS1373,hgazzardz@economist.com,Hashim Gazzard,Laki-Laki,10,10/5/2018,160,https://robohash.org/eiusliberoaut.bmp?size=50x50&set=set1,f9csqQxzxT
CS1374,shavercroft10@eventbrite.com,Scarlett Havercroft,Perempuan,6,12/15/2018,264,https://robohash.org/doloremvelitipsum.png?size=50x50&set=set1,X64BGdNZ
CS1375,pmaddern11@reverbnation.com,Pamella Maddern,Perempuan,5,11/10/2018,153,https://robohash.org/omnisutconsectetur.jpg?size=50x50&set=set1,XpAk2D
CS1376,mmogford12@github.com,Morgun Mogford,Laki-Laki,6,3/23/2019,182,https://robohash.org/nostrumexplicaboquos.png?size=50x50&set=set1,dstKR3cpn
CS1377,areston13@latimes.com,Arabel Reston,Perempuan,7,12/5/2018,174,https://robohash.org/autemquodperferendis.png?size=50x50&set=set1,x5Jp2lXjXLh
CS1378,vsales14@nationalgeographic.com,Valera Sales,Perempuan,10,1/6/2019,243,https://robohash.org/earumillumtotam.bmp?size=50x50&set=set1,KDzTuIIh8bo
CS1379,bhaet15@amazon.com,Berne Haet,Laki-Laki,7,10/27/2018,221,https://robohash.org/teneturdistinctioipsum.png?size=50x50&set=set1,rToC36o
CS1380,hsolland16@ustream.tv,Harper Solland,Laki-Laki,6,1/31/2019,203,https://robohash.org/quosharumconsequuntur.bmp?size=50x50&set=set1,rwEpJHT0
CS1381,hravelus17@cam.ac.uk,Henrik Ravelus,Laki-Laki,7,6/10/2019,163,https://robohash.org/reprehenderitetmagni.bmp?size=50x50&set=set1,z5CeL0p
CS1382,hdaws18@ezinearticles.com,Hieronymus Daws,Laki-Laki,3,2/23/2019,155,https://robohash.org/nobismaioresat.png?size=50x50&set=set1,XacuMQ5gc0xf
CS1383,nwoodard19@zimbio.com,Natty Woodard,Laki-Laki,10,6/19/2018,126,https://robohash.org/quisetet.png?size=50x50&set=set1,GMxr9XYYO
CS1384,astearn1a@a8.net,Angie Stearn,Laki-Laki,11,1/27/2019,220,https://robohash.org/idomnissaepe.bmp?size=50x50&set=set1,jj2cBvUog
CS1385,tnethercott1b@admin.ch,Tessy Nethercott,Perempuan,11,8/20/2018,110,https://robohash.org/etetperferendis.bmp?size=50x50&set=set1,bC4THCkQoQy
CS1386,pscrimshire1c@google.com.br,Pebrook Scrimshire,Laki-Laki,5,5/1/2019,163,https://robohash.org/nullanihilsed.png?size=50x50&set=set1,vnTnoMSW1w
CS1387,fcinnamond1d@sciencedaily.com,Ferrell Cinnamond,Laki-Laki,3,7/27/2018,106,https://robohash.org/quosconsequaturfacere.bmp?size=50x50&set=set1,GBm8K7
